division,team,games,wins,losses,win_pct,ab,hr,hr_pct
D1,Abilene Christian,51,15,36,0.2941,1302,38,0.0292
D1,Akron,51,28,23,0.549,1412,16,0.0113
D1,Alabama,67,45,22,0.6716,1730,56,0.0324
D1,Alabama St.,50,28,22,0.56,1309,25,0.0191
D1,Alcorn,49,17,32,0.3469,1193,16,0.0134
D1,App State,51,23,28,0.451,1348,25,0.0185
D1,Arizona,54,29,25,0.537,1428,65,0.0455
D1,Arizona St.,48,22,26,0.4583,1201,59,0.0491
D1,Ark.-Pine Bluff,49,10,39,0.2041,1136,12,0.0106
D1,Arkansas,59,40,19,0.678,1525,69,0.0452
D1,Army West Point,60,23,37,0.3833,1475,27,0.0183
D1,Auburn,62,43,19,0.6935,1534,64,0.0417
D1,Austin Peay,51,27,24,0.5294,1357,18,0.0133
D1,BYU,52,35,17,0.6731,1346,54,0.0401
D1,Ball St.,53,27,26,0.5094,1387,42,0.0303
D1,Baylor,58,40,18,0.6897,1521,27,0.0178
D1,Bellarmine,49,4,45,0.0816,1139,16,0.014
D1,Belmont,52,28,24,0.5385,1506,23,0.0153
D1,Bethune-Cookman,50,19,31,0.38,1230,7,0.0057
D1,Binghamton,47,29,18,0.617,1241,25,0.0201
D1,Boise St.,49,32,17,0.6531,1255,81,0.0645
D1,Boston College,52,24,28,0.4615,1371,28,0.0204
D1,Boston U.,62,52,10,0.8387,1596,20,0.0125
D1,Bowling Green,50,9,41,0.18,1213,11,0.0091
D1,Bradley,56,15,41,0.2679,1478,29,0.0196
D1,Brown,39,13,26,0.3333,982,12,0.0122
D1,Bryant,47,18,29,0.383,1164,23,0.0198
D1,Bucknell,46,16,30,0.3478,1169,6,0.0051
D1,Buffalo,50,14,36,0.28,1245,30,0.0241
D1,Butler,53,18,35,0.3396,1352,38,0.0281
D1,CSU Bakersfield,50,7,43,0.14,1131,13,0.0115
D1,CSUN,51,27,24,0.5294,1325,20,0.0151
D1,Cal Poly,42,19,23,0.4524,1076,4,0.0037
D1,Cal St. Fullerton,55,34,21,0.6182,1332,23,0.0173
D1,California,57,35,21,0.614,1544,74,0.0479
D1,California Baptist,57,28,29,0.4912,1490,21,0.0141
D1,Campbell,60,42,18,0.7,1516,13,0.0086
D1,Canisius,47,30,16,0.6383,1205,39,0.0324
D1,Central Ark.,57,45,12,0.7895,1474,34,0.0231
D1,Central Conn. St.,37,21,16,0.5676,972,32,0.0329
D1,Central Mich.,55,29,26,0.5273,1432,26,0.0182
D1,Charleston So.,49,22,27,0.449,1197,11,0.0092
D1,Charlotte,58,35,23,0.6034,1483,78,0.0526
D1,Chattanooga,52,25,27,0.4808,1409,33,0.0234
D1,Clemson,61,49,12,0.8033,1560,79,0.0506
D1,Cleveland St.,47,15,32,0.3191,1143,14,0.0122
D1,Coastal Carolina,56,36,20,0.6429,1444,58,0.0402
D1,Col. of Charleston,51,19,32,0.3725,1290,20,0.0155
D1,Colgate,48,17,31,0.3542,1231,23,0.0187
D1,Colorado St.,48,28,20,0.5833,1343,36,0.0268
D1,Columbia,41,17,24,0.4146,1043,28,0.0268
D1,Coppin St.,44,16,28,0.3636,1063,9,0.0085
D1,Cornell,43,17,26,0.3953,1084,34,0.0314
D1,Creighton,53,22,31,0.4151,1410,44,0.0312
D1,Dartmouth,39,14,25,0.359,1042,20,0.0192
D1,Dayton,55,35,20,0.6364,1483,25,0.0169
D1,DePaul,51,19,32,0.3725,1277,33,0.0258
D1,Delaware,49,29,20,0.5918,1287,11,0.0085
D1,Delaware St.,37,6,31,0.1622,831,6,0.0072
D1,Detroit Mercy,38,4,34,0.1053,864,11,0.0127
D1,Drake,51,17,34,0.3333,1399,18,0.0129
D1,Drexel,49,12,37,0.2449,1310,15,0.0115
D1,Duke,60,48,12,0.8,1612,65,0.0403
D1,ETSU,54,17,37,0.3148,1422,20,0.0141
D1,East Carolina,55,27,28,0.4909,1356,20,0.0147
D1,Eastern Ill.,55,34,21,0.6182,1442,39,0.027
D1,Eastern Ky.,52,28,24,0.5385,1360,46,0.0338
D1,Elon,48,22,26,0.4583,1241,29,0.0234
D1,Evansville,54,22,32,0.4074,1392,31,0.0223
D1,FDU,41,20,21,0.4878,1052,22,0.0209
D1,FGCU,58,32,26,0.5517,1498,21,0.014
D1,FIU,51,24,27,0.4706,1306,14,0.0107
D1,Fairfield,47,22,25,0.4681,1201,8,0.0067
D1,Fla. Atlantic,55,35,20,0.6364,1475,26,0.0176
D1,Florida,60,38,22,0.6333,1518,69,0.0455
D1,Florida St.,69,58,11,0.8406,1735,63,0.0363
D1,Fordham,48,20,28,0.4167,1241,29,0.0234
D1,Fresno St.,54,23,31,0.4259,1475,34,0.0231
D1,Furman,52,20,32,0.3846,1445,46,0.0318
D1,Ga. Southern,52,18,34,0.3462,1264,13,0.0103
D1,Gardner-Webb,53,20,33,0.3774,1424,25,0.0176
D1,George Mason,59,35,24,0.5932,1547,27,0.0175
D1,George Washington,45,17,28,0.3778,1112,17,0.0153
D1,Georgetown,49,16,33,0.3265,1304,35,0.0268
D1,Georgia,57,42,15,0.7368,1486,92,0.0619
D1,Georgia St.,54,18,36,0.3333,1367,25,0.0183
D1,Georgia Tech,53,26,27,0.4906,1327,48,0.0362
D1,Grambling,56,28,27,0.5,1433,5,0.0035
D1,Grand Canyon,60,47,13,0.7833,1579,75,0.0475
D1,Green Bay,53,22,31,0.4151,1320,14,0.0106
D1,Hampton,46,15,31,0.3261,1189,10,0.0084
D1,Hartford,32,14,18,0.4375,841,15,0.0178
D1,Harvard,47,29,17,0.617,1219,10,0.0082
D1,Hawaii,53,30,23,0.566,1324,53,0.04
D1,Hofstra,56,29,27,0.5179,1533,25,0.0163
D1,Holy Cross,52,15,36,0.2885,1351,14,0.0104
D1,Houston,50,20,30,0.4,1281,31,0.0242
D1,Houston Christian,53,20,33,0.3774,1413,23,0.0163
D1,Howard,46,20,26,0.4348,1185,2,0.0017
D1,IUPUI,47,16,31,0.3404,1198,15,0.0125
D1,Idaho St.,48,20,28,0.4167,1297,32,0.0247
D1,Illinois,56,29,27,0.5179,1465,34,0.0232
D1,Illinois St.,52,30,22,0.5769,1382,39,0.0282
D1,Indiana,62,44,18,0.7097,1556,81,0.0521
D1,Indiana St.,57,32,25,0.5614,1560,29,0.0186
D1,Iona,53,21,31,0.3962,1345,29,0.0216
D1,Iowa,62,35,27,0.5645,1687,25,0.0148
D1,Iowa St.,55,25,30,0.4545,1418,43,0.0303
D1,Jackson St.,51,22,29,0.4314,1296,20,0.0154
D1,Jacksonville,52,25,27,0.4808,1305,23,0.0176
D1,Jacksonville St.,53,31,22,0.5849,1410,40,0.0284
D1,James Madison,47,28,19,0.5957,1227,63,0.0513
D1,Kansas,52,25,27,0.4808,1281,34,0.0265
D1,Kansas City,52,9,43,0.1731,1295,10,0.0077
D1,Kennesaw St.,52,20,32,0.3846,1340,19,0.0142
D1,Kent St.,49,18,31,0.3673,1308,33,0.0252
D1,Kentucky,54,31,22,0.5741,1384,45,0.0325
D1,LIU,58,32,26,0.5517,1515,28,0.0185
D1,LMU (CA),50,28,22,0.56,1264,39,0.0309
D1,LSU,59,42,17,0.7119,1568,44,0.0281
D1,Lafayette,45,8,36,0.1778,1073,18,0.0168
D1,Lamar University,56,22,34,0.3929,1393,20,0.0144
D1,Lehigh,54,40,14,0.7407,1562,23,0.0147
D1,Liberty,62,40,22,0.6452,1661,63,0.0379
D1,Lindenwood,48,16,32,0.3333,1233,6,0.0049
D1,Lipscomb,50,21,29,0.42,1203,12,0.01
D1,Long Beach St.,54,31,23,0.5741,1379,19,0.0138
D1,Longwood,53,32,21,0.6038,1419,41,0.0289
D1,Louisiana,66,50,16,0.7576,1710,79,0.0462
D1,Louisiana Tech,56,32,24,0.5714,1461,29,0.0198
D1,Louisville,56,36,20,0.6429,1472,64,0.0435
D1,Loyola Chicago,50,27,23,0.54,1321,12,0.0091
D1,Maine,56,17,39,0.3036,1367,12,0.0088
D1,Manhattan,48,13,35,0.2708,1234,23,0.0186
D1,Marist,59,29,30,0.4915,1582,28,0.0177
D1,Marshall,55,45,10,0.8182,1418,48,0.0339
D1,Maryland,57,38,19,0.6667,1443,36,0.0249
D1,Massachusetts,50,16,34,0.32,1305,11,0.0084
D1,McNeese,63,47,16,0.746,1586,22,0.0139
D1,Memphis,51,8,43,0.1569,1206,17,0.0141
D1,Mercer,57,20,37,0.3509,1412,34,0.0241
D1,Merrimack,48,18,30,0.375,1202,18,0.015
D1,Miami (OH),60,40,20,0.6667,1540,97,0.063
D1,Michigan,51,26,25,0.5098,1313,25,0.019
D1,Michigan St.,46,14,32,0.3043,1129,17,0.0151
D1,Middle Tenn.,62,42,20,0.6774,1685,29,0.0172
D1,Minnesota,57,38,19,0.6667,1566,72,0.046
D1,Mississippi St.,54,29,25,0.537,1361,49,0.036
D1,Mississippi Val.,42,1,41,0.0238,908,7,0.0077
D1,Missouri,61,35,26,0.5738,1528,51,0.0334
D1,Missouri St.,50,31,19,0.62,1283,35,0.0273
D1,Monmouth,44,10,34,0.2273,1122,13,0.0116
D1,Montana,47,6,41,0.1277,1171,21,0.0179
D1,Morehead St.,45,12,33,0.2667,1153,16,0.0139
D1,Morgan St.,46,25,21,0.5435,1109,16,0.0144
D1,Murray St.,53,33,20,0.6226,1481,17,0.0115
D1,N.C. Central,54,19,35,0.3519,1338,38,0.0284
D1,NC State,53,18,35,0.3396,1335,70,0.0524
D1,NIU,51,26,25,0.5098,1344,21,0.0156
D1,Nebraska,58,36,22,0.6207,1557,63,0.0405
D1,Nevada,50,31,19,0.62,1291,46,0.0356
D1,New Mexico,50,19,31,0.38,1333,27,0.0203
D1,New Mexico St.,46,21,25,0.4565,1221,76,0.0622
D1,Niagara,43,9,34,0.2093,1027,6,0.0058
D1,Nicholls,53,29,24,0.5472,1397,26,0.0186
D1,Norfolk St.,47,24,23,0.5106,1215,23,0.0189
D1,North Ala.,51,34,16,0.6667,1379,27,0.0196
D1,North Carolina,54,26,28,0.4815,1440,37,0.0257
D1,North Dakota,50,12,38,0.24,1272,18,0.0142
D1,North Dakota St.,51,30,21,0.5882,1250,29,0.0232
D1,North Florida,53,29,23,0.5472,1345,25,0.0186
D1,North Texas,57,35,22,0.614,1453,54,0.0372
D1,Northern Colo.,49,26,23,0.5306,1331,20,0.015
D1,Northern Ky.,55,23,32,0.4182,1197,17,0.0142
D1,Northwestern,55,42,13,0.7636,1488,55,0.037
D1,Northwestern St.,52,25,27,0.4808,1346,11,0.0082
D1,Notre Dame,50,30,19,0.6,1341,57,0.0425
D1,Oakland,43,22,21,0.5116,1021,18,0.0176
D1,Ohio,56,32,24,0.5714,1506,41,0.0272
D1,Ohio St.,53,33,20,0.6226,1468,50,0.0341
D1,Oklahoma,62,61,1,0.9839,1616,117,0.0724
D1,Oklahoma St.,63,47,16,0.746,1658,53,0.032
D1,Ole Miss,61,32,29,0.5246,1545,49,0.0317
D1,Omaha,49,33,16,0.6735,1255,15,0.012
D1,Oregon,55,38,17,0.6909,1484,64,0.0431
D1,Oregon St.,45,15,29,0.3333,1134,32,0.0282
D1,Pacific,40,10,30,0.25,1010,16,0.0158
D1,Penn,45,8,37,0.1778,1160,16,0.0138
D1,Penn St.,47,31,16,0.6596,1241,38,0.0306
D1,Pittsburgh,49,24,25,0.4898,1311,53,0.0404
D1,Portland St.,45,18,27,0.4,1171,28,0.0239
D1,Prairie View,50,27,23,0.54,1216,31,0.0255
D1,Presbyterian,47,25,22,0.5319,1185,33,0.0278
D1,Princeton,49,29,20,0.5918,1320,18,0.0136
D1,Providence,47,15,32,0.3191,1172,27,0.023
D1,Purdue,53,23,30,0.434,1351,29,0.0215
D1,Purdue Fort Wayne,49,17,32,0.3469,1270,19,0.015
D1,Queens (NC),46,20,26,0.4348,1181,15,0.0127
D1,Quinnipiac,44,19,25,0.4318,1000,7,0.007
D1,Radford,50,16,34,0.32,1315,22,0.0167
D1,Rhode Island,55,23,31,0.4182,1387,9,0.0065
D1,Rider,50,19,31,0.38,1304,13,0.01
D1,Robert Morris,47,24,23,0.5106,1181,8,0.0068
D1,Rutgers,57,32,25,0.5614,1471,39,0.0265
D1,SFA,54,30,24,0.5556,1406,54,0.0384
D1,SIUE,56,30,26,0.5357,1467,23,0.0157
D1,Sacramento St.,47,27,20,0.5745,1211,19,0.0157
D1,Sacred Heart,47,18,29,0.383,1240,36,0.029
D1,Saint Francis (PA),50,26,24,0.52,1292,33,0.0255
D1,Saint Louis,55,30,25,0.5455,1461,40,0.0274
D1,Sam Houston,57,22,35,0.386,1486,38,0.0256
D1,Samford,57,26,31,0.4561,1525,36,0.0236
D1,San Diego,53,23,29,0.434,1296,13,0.01
D1,San Diego St.,56,39,17,0.6964,1486,35,0.0236
D1,San Jose St.,57,27,30,0.4737,1431,29,0.0203
D1,Santa Clara,49,23,26,0.4694,1298,21,0.0162
D1,Seattle U,56,36,20,0.6429,1573,28,0.0178
D1,Seton Hall,60,42,18,0.7,1602,45,0.0281
D1,Siena,53,32,21,0.6038,1371,19,0.0139
D1,South Alabama,53,39,14,0.7358,1320,30,0.0227
D1,South Carolina,62,40,22,0.6452,1445,42,0.0291
D1,South Carolina St.,36,7,29,0.1944,917,10,0.0109
D1,South Dakota,52,24,28,0.4615,1328,24,0.0181
D1,South Dakota St.,57,38,19,0.6667,1518,41,0.027
D1,South Fla.,56,32,24,0.5714,1375,30,0.0218
D1,Southeast Mo. St.,43,29,14,0.6744,1138,19,0.0167
D1,Southeastern La.,62,47,15,0.7581,1555,41,0.0264
D1,Southern Ill.,56,36,20,0.6429,1447,37,0.0256
D1,Southern Ind.,44,21,23,0.4773,1148,18,0.0157
D1,Southern Miss.,46,22,24,0.4783,1139,27,0.0237
D1,Southern U.,48,14,34,0.2917,1179,18,0.0153
D1,Southern Utah,39,6,33,0.1538,961,19,0.0198
D1,St. Bonaventure,48,12,35,0.25,1175,9,0.0077
D1,St. Thomas (MN),53,18,35,0.3396,1353,26,0.0192
D1,Stanford,62,47,15,0.7581,1597,26,0.0163
D1,Stetson,56,28,28,0.5,1439,17,0.0118
D1,Stonehill,46,4,42,0.087,1021,8,0.0078
D1,Stony Brook,56,29,27,0.5179,1509,45,0.0298
D1,Syracuse,51,24,26,0.4706,1337,28,0.0209
D1,Tarleton St.,60,31,29,0.5167,1551,32,0.0206
D1,Tennessee,61,51,10,0.8361,1508,79,0.0524
D1,Tennessee St.,49,22,26,0.449,1306,19,0.0145
D1,Tennessee Tech,50,6,44,0.12,1193,12,0.0101
D1,Texas,61,45,15,0.7377,1639,52,0.0317
D1,Texas Southern,41,16,25,0.3902,1014,13,0.0128
D1,Texas St.,62,35,26,0.5645,1594,20,0.0125
D1,Texas Tech,53,31,22,0.5849,1408,74,0.0526
D1,Toledo,46,21,25,0.4565,1249,26,0.0208
D1,Towson,55,30,25,0.5455,1491,24,0.0161
D1,Troy,53,33,19,0.6226,1347,49,0.0364
D1,Tulsa,53,25,28,0.4717,1374,25,0.0182
D1,UAB,54,29,25,0.537,1356,25,0.0184
D1,UAlbany,44,24,20,0.5455,1183,23,0.0194
D1,UC Davis,52,30,22,0.5769,1359,15,0.011
D1,UC Riverside,52,25,27,0.4808,1402,22,0.0157
D1,UC San Diego,52,19,33,0.3654,1353,6,0.0044
D1,UC Santa Barbara,48,26,22,0.5417,1288,9,0.007
D1,UCF,61,40,21,0.6557,1592,44,0.0276
D1,UCLA,59,52,7,0.8814,1554,66,0.0425
D1,UConn,49,34,15,0.6939,1254,23,0.0183
D1,UIC,53,10,43,0.1887,1272,9,0.0071
D1,UIW,47,16,30,0.3404,1216,14,0.0115
D1,ULM,57,25,32,0.4386,1434,16,0.0112
D1,UMBC,43,26,17,0.6047,1131,34,0.0301
D1,UMES,44,14,30,0.3182,1115,4,0.0036
D1,UMass Lowell,51,21,29,0.4118,1345,29,0.0216
D1,UNC Greensboro,59,37,22,0.6271,1487,68,0.0457
D1,UNCW,50,23,27,0.46,1277,20,0.0157
D1,UNI,51,39,12,0.7647,1352,73,0.054
D1,UNLV,50,23,27,0.46,1314,42,0.032
D1,USC Upstate,55,38,17,0.6909,1390,54,0.0388
D1,UT Arlington,52,22,30,0.4231,1373,39,0.0284
D1,UT Martin,47,23,24,0.4894,1284,57,0.0444
D1,UTEP,45,11,34,0.2444,1213,46,0.0379
D1,UTSA,49,8,41,0.1633,1265,36,0.0285
D1,Utah,58,42,16,0.7241,1616,47,0.0291
D1,Utah St.,44,18,26,0.4091,1176,39,0.0332
D1,Utah Tech,53,35,18,0.6604,1492,34,0.0228
D1,Utah Valley,49,17,32,0.3469,1261,27,0.0214
D1,Valparaiso,49,8,41,0.1633,1140,4,0.0035
D1,Villanova,59,37,22,0.6271,1573,40,0.0254
D1,Virginia,52,30,22,0.5769,1315,49,0.0373
D1,Virginia Tech,59,39,20,0.661,1555,100,0.0643
D1,Wagner,40,13,27,0.325,1012,3,0.003
D1,Washington,59,44,15,0.7458,1548,65,0.042
D1,Weber St.,45,13,32,0.2889,1141,25,0.0219
D1,Western Caro.,47,21,26,0.4468,1224,28,0.0229
D1,Western Ill.,45,9,36,0.2,1214,21,0.0173
D1,Western Ky.,54,30,24,0.5556,1419,23,0.0162
D1,Western Mich.,46,17,29,0.3696,1179,17,0.0144
D1,Wichita St.,56,44,12,0.7857,1533,70,0.0457
D1,Winthrop,50,26,24,0.52,1298,21,0.0162
D1,Wisconsin,48,28,20,0.5833,1208,31,0.0257
D1,Yale,43,20,23,0.4651,1111,30,0.027
D1,Youngstown St.,55,27,28,0.4909,1298,16,0.0123
D2,AUM,52,35,17,0.6731,1394,51,0.0366
D2,Academy of Art,47,7,40,0.1489,1167,6,0.0051
D2,Adams St.,46,9,37,0.1957,1128,17,0.0151
D2,Adelphi,56,48,8,0.8571,1457,20,0.0137
D2,Alabama Huntsville,52,43,9,0.8269,1432,35,0.0244
D2,Albany St. (GA),38,21,17,0.5526,1033,7,0.0068
D2,Alderson Broaddus,55,20,35,0.3636,1389,16,0.0115
D2,Allen,37,3,34,0.0811,759,8,0.0105
D2,Alliance,44,5,39,0.1136,1056,8,0.0076
D2,Anderson (SC),40,20,20,0.5,1083,36,0.0332
D2,Angelo St.,48,26,22,0.5417,1244,48,0.0386
D2,Ark.-Monticello,45,22,23,0.4889,1177,30,0.0255
D2,Arkansas Tech,46,25,21,0.5435,1131,20,0.0177
D2,Ashland,50,21,29,0.42,1330,9,0.0068
D2,Assumption,42,24,18,0.5714,1098,8,0.0073
D2,Augusta,39,13,26,0.3333,1043,26,0.0249
D2,Augustana (SD),49,38,11,0.7755,1327,77,0.058
D2,Azusa Pacific,52,29,23,0.5577,1412,20,0.0142
D2,Barry,50,22,28,0.44,1292,6,0.0046
D2,Barton,47,27,20,0.5745,1250,13,0.0104
D2,Belmont Abbey,44,17,27,0.3864,1151,39,0.0339
D2,Bemidji St.,51,23,28,0.451,1301,15,0.0115
D2,Benedict,44,17,27,0.3864,1156,22,0.019
D2,Bentley,47,30,16,0.6383,1334,12,0.009
D2,Biola,48,25,23,0.5208,1318,5,0.0038
D2,Black Hills St.,44,8,36,0.1818,1076,18,0.0167
D2,Bloomfield,50,16,34,0.32,1205,0,0
D2,Bloomsburg,59,26,33,0.4407,1621,22,0.0136
D2,Bluefield St.,42,9,33,0.2143,953,11,0.0115
D2,Bowie St.,51,33,18,0.6471,1314,21,0.016
D2,Bridgeport,53,30,23,0.566,1492,22,0.0147
D2,CSU Pueblo,47,18,29,0.383,1196,29,0.0242
D2,CUI,51,40,11,0.7843,1348,41,0.0304
D2,Cal Poly Humboldt,45,24,21,0.5333,1126,12,0.0107
D2,Cal St. Dom. Hills,49,32,17,0.6531,1289,29,0.0225
D2,Cal St. East Bay,50,22,28,0.44,1244,18,0.0145
D2,Cal St. Monterey Bay,48,26,22,0.5417,1260,17,0.0135
D2,Cal St. San Marcos,49,30,19,0.6122,1290,24,0.0186
D2,Caldwell,55,35,20,0.6364,1562,10,0.0064
D2,California (PA),51,27,24,0.5294,1403,30,0.0214
D2,Cameron,55,32,23,0.5818,1351,35,0.0259
D2,Carson-Newman,47,29,18,0.617,1209,45,0.0372
D2,Catawba,39,24,15,0.6154,1067,35,0.0328
D2,Cedarville,48,22,26,0.4583,1223,13,0.0106
D2,Central Mo.,54,33,21,0.6111,1414,26,0.0184
D2,Central Okla.,57,50,7,0.8772,1533,74,0.0483
D2,Central Wash.,43,18,25,0.4186,1153,15,0.013
D2,Chadron St.,51,26,25,0.5098,1356,54,0.0398
D2,Chaminade,47,22,25,0.4681,1285,6,0.0047
D2,Charleston (WV),57,45,12,0.7895,1509,43,0.0285
D2,Chestnut Hill,47,8,39,0.1702,1055,2,0.0019
D2,Chico St.,47,24,23,0.5106,1280,4,0.0031
D2,Chowan,43,12,31,0.2791,1025,11,0.0107
D2,Christian Brothers,42,10,32,0.2381,1044,27,0.0259
D2,Claflin,42,26,16,0.619,1099,15,0.0136
D2,Clarion,46,17,29,0.3696,1239,24,0.0194
D2,Clark Atlanta,40,19,21,0.475,1026,17,0.0166
D2,Coker,40,18,22,0.45,1095,22,0.0201
D2,Colo. Christian,55,51,4,0.9273,1530,75,0.049
D2,Colo. Sch. of Mines,52,26,26,0.5,1457,7,0.0048
D2,Colorado Mesa,50,30,20,0.6,1375,89,0.0647
D2,Columbus St.,62,46,16,0.7419,1607,101,0.0629
D2,Concord,49,17,32,0.3469,1268,24,0.0189
D2,Concordia-St. Paul,54,29,25,0.537,1504,59,0.0392
D2,Converse,43,11,32,0.2558,986,8,0.0081
D2,Davenport,45,13,32,0.2889,1268,16,0.0126
D2,Delta St.,47,18,29,0.383,1250,27,0.0216
D2,Dominican (CA),43,20,23,0.4651,1064,4,0.0038
D2,Dominican (NY),46,11,35,0.2391,1139,30,0.0263
D2,Drury,48,24,24,0.5,1274,17,0.0133
D2,East Central,48,21,27,0.4375,1242,22,0.0177
D2,East Stroudsburg,63,44,19,0.6984,1692,27,0.016
D2,Eastern N.M.,49,22,27,0.449,1280,25,0.0195
D2,Eckerd,45,17,28,0.3778,1166,18,0.0154
D2,Edinboro,42,15,27,0.3571,1043,27,0.0259
D2,Edward Waters,44,31,13,0.7045,1157,13,0.0112
D2,Elizabeth City St.,28,12,16,0.4286,693,16,0.0231
D2,Embry-Riddle (FL),47,25,22,0.5319,1275,10,0.0078
D2,Emmanuel (GA),47,29,18,0.617,1269,31,0.0244
D2,Emporia St.,56,33,23,0.5893,1379,19,0.0138
D2,Erskine,41,21,20,0.5122,1005,35,0.0348
D2,Fairmont St.,56,35,21,0.625,1445,22,0.0152
D2,Fayetteville St.,34,15,19,0.4412,898,14,0.0156
D2,Felician,51,31,20,0.6078,1399,18,0.0129
D2,Ferris St.,56,23,33,0.4107,1504,8,0.0053
D2,Findlay,49,33,16,0.6735,1326,21,0.0158
D2,Fla. Southern,48,23,25,0.4792,1271,16,0.0126
D2,Flagler,49,18,31,0.3673,1247,33,0.0265
D2,Florida Tech,44,25,19,0.5682,1089,13,0.0119
D2,Fort Hays St.,56,31,25,0.5536,1440,11,0.0076
D2,Fort Lewis,45,21,24,0.4667,1177,37,0.0314
D2,Fort Valley St.,35,13,22,0.3714,928,10,0.0108
D2,Francis Marion,50,37,13,0.74,1349,51,0.0378
D2,Franklin Pierce,53,33,20,0.6226,1409,27,0.0192
D2,Frostburg St.,53,31,22,0.5849,1436,37,0.0258
D2,Ga. Southwestern,54,38,16,0.7037,1442,67,0.0465
D2,Gannon,48,20,28,0.4167,1207,41,0.034
D2,Georgia College,44,22,22,0.5,1200,19,0.0158
D2,Georgian Court,61,40,21,0.6557,1659,32,0.0193
D2,Glenville St.,51,21,30,0.4118,1348,13,0.0096
D2,Goldey-Beacom,53,27,26,0.5094,1378,7,0.0051
D2,Grand Valley St.,56,48,8,0.8571,1533,11,0.0072
D2,Harding,55,42,13,0.7636,1545,26,0.0168
D2,Hawaii Hilo,36,15,21,0.4167,938,8,0.0085
D2,Hawaii Pacific,47,22,25,0.4681,1239,6,0.0048
D2,Henderson St.,45,15,30,0.3333,1160,25,0.0216
D2,Hillsdale,56,35,21,0.625,1511,28,0.0185
D2,Holy Family,48,17,31,0.3542,1273,16,0.0126
D2,Holy Names,46,14,32,0.3043,1178,11,0.0093
D2,Ill. Springfield,59,35,24,0.5932,1539,4,0.0026
D2,Indiana (PA),49,26,23,0.5306,1325,18,0.0136
D2,Jefferson,39,16,23,0.4103,1025,7,0.0068
D2,Johnson C. Smith,25,8,17,0.32,625,8,0.0128
D2,Kentucky St.,41,14,27,0.3415,1015,11,0.0108
D2,King (TN),59,37,22,0.6271,1561,46,0.0295
D2,Kutztown,53,28,25,0.5283,1444,24,0.0166
D2,Ky. Wesleyan,53,8,45,0.1509,1323,16,0.0121
D2,Lake Erie,41,11,30,0.2683,1011,10,0.0099
D2,Lander,42,27,15,0.6429,1136,38,0.0335
D2,Lane,50,26,24,0.52,1300,31,0.0238
D2,Le Moyne,46,23,23,0.5,1202,24,0.02
D2,LeMoyne-Owen,22,2,20,0.0909,335,2,0.006
D2,Lee,45,15,30,0.3333,1150,28,0.0243
D2,Lees-McRae,49,32,17,0.6531,1325,69,0.0521
D2,Lenoir-Rhyne,48,34,14,0.7083,1296,68,0.0525
D2,Lewis,54,36,18,0.6667,1417,23,0.0162
D2,Limestone,44,23,21,0.5227,1158,34,0.0294
D2,Lincoln (MO),49,8,41,0.1633,1085,9,0.0083
D2,Lincoln (PA),37,13,24,0.3514,930,8,0.0086
D2,Lincoln Memorial,57,32,25,0.5614,1420,33,0.0232
D2,Livingstone,25,4,21,0.16,469,2,0.0043
D2,Lock Haven,48,24,24,0.5,1339,27,0.0202
D2,Lubbock Christian,53,37,16,0.6981,1377,54,0.0392
D2,Lynn,52,19,33,0.3654,1293,12,0.0093
D2,MSU Denver,49,31,18,0.6327,1327,47,0.0354
D2,MSU Moorhead,46,27,19,0.587,1218,30,0.0246
D2,Malone,43,15,28,0.3488,1029,9,0.0087
D2,Mansfield,44,10,34,0.2273,1094,16,0.0146
D2,Mars Hill,45,19,26,0.4222,1086,26,0.0239
D2,Mary,44,6,38,0.1364,1078,10,0.0093
D2,Maryville (MO),48,28,20,0.5833,1217,9,0.0074
D2,McKendree,46,28,18,0.6087,1186,38,0.032
D2,Mercy,46,15,31,0.3261,1225,18,0.0147
D2,Mercyhurst,55,34,21,0.6182,1525,34,0.0223
D2,Midwestern St.,50,15,35,0.3,1112,17,0.0153
D2,Miles,40,17,23,0.425,949,8,0.0084
D2,Millersville,53,25,28,0.4717,1415,38,0.0269
D2,Minn. Duluth,49,36,13,0.7347,1244,44,0.0354
D2,Minn.-Crookston,50,18,32,0.36,1307,25,0.0191
D2,Minnesota St.,45,27,18,0.6,1191,44,0.0369
D2,Minot St.,49,20,29,0.4082,1230,14,0.0114
D2,Mississippi Col.,50,39,11,0.78,1327,84,0.0633
D2,Missouri Western,53,34,19,0.6415,1429,45,0.0315
D2,Mo. Southern St.,51,37,14,0.7255,1355,48,0.0354
D2,Mo.-St. Louis,56,34,22,0.6071,1570,30,0.0191
D2,Molloy,52,31,21,0.5962,1499,25,0.0167
D2,Mont. St. Billings,39,17,22,0.4359,1000,35,0.035
D2,Montevallo,40,19,21,0.475,1028,60,0.0584
D2,Mount Olive,40,21,19,0.525,1016,36,0.0354
D2,N.M. Highlands,48,18,30,0.375,1229,13,0.0106
D2,Neb.-Kearney,46,12,34,0.2609,1183,29,0.0245
D2,New Haven,47,17,30,0.3617,1234,14,0.0113
D2,Newberry,45,27,18,0.6,1210,35,0.0289
D2,Newman,51,15,36,0.2941,1338,10,0.0075
D2,North Georgia,70,62,8,0.8857,1864,68,0.0365
D2,North Greenville,47,25,22,0.5319,1273,41,0.0322
D2,Northeastern St.,47,24,23,0.5106,1302,68,0.0522
D2,Northern St.,49,13,36,0.2653,1194,20,0.0168
D2,Northwest Mo. St.,48,27,21,0.5625,1314,40,0.0304
D2,Northwest Nazarene,47,36,11,0.766,1253,28,0.0223
D2,Northwestern Okla.,45,12,33,0.2667,1152,27,0.0234
D2,Northwood,58,34,24,0.5862,1599,31,0.0194
D2,Notre Dame (OH),58,31,27,0.5345,1493,19,0.0127
D2,Nova Southeastern,54,41,13,0.7593,1438,8,0.0056
D2,Ohio Dominican,52,34,18,0.6538,1439,19,0.0132
D2,Okla. Baptist,52,40,12,0.7692,1365,33,0.0242
D2,Okla. Christian,51,35,16,0.6863,1303,21,0.0161
D2,Ouachita Baptist,48,11,37,0.2292,1188,20,0.0168
D2,Pace,52,27,25,0.5192,1327,13,0.0098
D2,Palm Beach Atl.,38,14,24,0.3684,954,4,0.0042
D2,Pitt.-Johnstown,44,15,29,0.3409,1124,32,0.0285
D2,Pittsburg St.,43,26,17,0.6047,1177,34,0.0289
D2,Post,50,16,34,0.32,1354,22,0.0162
D2,Purdue Northwest,55,33,22,0.6,1484,32,0.0216
D2,Queens (NY),45,11,34,0.2444,1148,6,0.0052
D2,Quincy,44,22,22,0.5,1169,18,0.0154
D2,Regis (CO),52,32,20,0.6154,1437,33,0.023
D2,Rockhurst,47,21,26,0.4468,1226,34,0.0277
D2,Rogers St.,58,43,15,0.7414,1516,60,0.0396
D2,Rollins,46,29,17,0.6304,1168,32,0.0274
D2,Saginaw Valley,53,37,16,0.6981,1432,25,0.0175
D2,Saint Leo,49,38,11,0.7755,1260,3,0.0024
D2,Saint Rose,43,12,31,0.2791,1069,7,0.0065
D2,Salem (WV),51,16,35,0.3137,1304,5,0.0038
D2,San Fran. St.,45,23,22,0.5111,1085,18,0.0166
D2,Savannah St.,26,7,19,0.2692,648,5,0.0077
D2,Seton Hill,46,29,17,0.6304,1249,37,0.0296
D2,Shaw,28,8,20,0.2857,704,2,0.0028
D2,Shepherd,50,28,22,0.56,1406,27,0.0192
D2,Shippensburg,54,34,20,0.6296,1543,35,0.0227
D2,Shorter,47,8,39,0.1702,1101,14,0.0127
D2,Simon Fraser,41,9,32,0.2195,1136,19,0.0167
D2,Sioux Falls,50,24,26,0.48,1343,28,0.0208
D2,Slippery Rock,53,29,24,0.5472,1435,28,0.0195
D2,Sonoma St.,48,34,14,0.7083,1241,25,0.0201
D2,Southeastern Okla.,55,30,25,0.5455,1431,12,0.0084
D2,Southern Ark.,55,40,15,0.7273,1470,55,0.0374
D2,Southern Conn. St.,42,14,28,0.3333,1118,11,0.0098
D2,Southern N.H.,42,20,22,0.4762,1124,12,0.0107
D2,Southern Nazarene,49,23,26,0.4694,1316,25,0.019
D2,Southern Wesleyan,38,3,35,0.0789,948,13,0.0137
D2,Southwest Baptist,50,11,39,0.22,1279,13,0.0102
D2,Southwest Minn. St.,49,17,32,0.3469,1285,8,0.0062
D2,Southwestern Okla.,48,11,37,0.2292,1238,9,0.0073
D2,Spring Hill,42,24,18,0.5714,1062,9,0.0085
D2,St. Anselm,42,26,15,0.619,1133,15,0.0132
D2,St. Cloud St.,54,34,20,0.6296,1425,31,0.0218
D2,St. Thomas Aquinas,50,32,18,0.64,1331,18,0.0135
D2,Stanislaus St.,46,13,33,0.2826,1227,3,0.0024
D2,Staten Island,48,11,37,0.2292,1262,10,0.0079
D2,Tampa,46,41,5,0.8913,1240,21,0.0169
D2,Tex. Permian Basin,46,7,39,0.1522,1034,21,0.0203
D2,Tiffin,50,24,26,0.48,1346,32,0.0238
D2,Trevecca Nazarene,50,34,16,0.68,1296,19,0.0147
D2,Truman St.,54,17,37,0.3148,1388,11,0.0079
D2,Tusculum,44,21,23,0.4773,1165,27,0.0232
D2,Tuskegee,47,24,23,0.5106,1140,10,0.0088
D2,UC-Colo. Springs,46,14,32,0.3043,1200,42,0.035
D2,UIndy,63,53,10,0.8413,1640,48,0.0293
D2,UNC Pembroke,48,18,30,0.375,1178,40,0.034
D2,USC Aiken,47,20,27,0.4255,1237,40,0.0323
D2,USC Beaufort,46,11,35,0.2391,1146,26,0.0227
D2,UT Tyler,63,58,5,0.9206,1599,56,0.035
D2,UVA Wise,38,10,28,0.2632,978,30,0.0307
D2,Union (TN),45,24,21,0.5333,1248,47,0.0377
D2,Upper Iowa,43,17,26,0.3953,1189,11,0.0093
D2,Ursuline,32,3,29,0.0938,712,4,0.0056
D2,Valdosta St.,46,31,15,0.6739,1176,107,0.091
D2,Virginia St.,28,12,16,0.4286,689,2,0.0029
D2,Virginia Union,28,6,22,0.2143,602,10,0.0166
D2,Walsh,42,20,22,0.4762,1028,15,0.0146
D2,Washburn,48,33,15,0.6875,1302,19,0.0146
D2,Wayne St. (MI),46,16,30,0.3478,1240,16,0.0129
D2,Wayne St. (NE),52,13,39,0.25,1408,17,0.0121
D2,West Ala.,49,35,14,0.7143,1183,82,0.0693
D2,West Chester,56,37,19,0.6607,1535,26,0.0169
D2,West Florida,41,21,20,0.5122,1119,21,0.0188
D2,West Ga.,49,12,37,0.2449,1213,36,0.0297
D2,West Liberty,50,15,35,0.3,1254,18,0.0144
D2,West Va. Wesleyan,62,45,17,0.7258,1667,30,0.018
D2,West Virginia St.,43,16,27,0.3721,1126,15,0.0133
D2,Western N.M.,46,8,38,0.1739,1067,27,0.0253
D2,Western Ore.,45,17,28,0.3778,1172,10,0.0085
D2,Western Wash.,46,25,21,0.5435,1231,10,0.0081
D2,Wheeling,50,7,43,0.14,1311,8,0.0061
D2,William Jewell,50,7,43,0.14,1182,11,0.0093
D2,Wilmington (DE),60,44,16,0.7333,1623,19,0.0117
D2,Wingate,63,46,17,0.7302,1651,70,0.0424
D2,Winona St.,53,36,17,0.6792,1370,41,0.0299
D2,Winston-Salem,31,19,12,0.6129,838,22,0.0263
D2,Wis.-Parkside,51,19,32,0.3725,1312,23,0.0175
D2,Young Harris,46,17,29,0.3696,1219,38,0.0312
D3,Adrian,42,28,14,0.6667,1121,10,0.0089
D3,Agnes Scott,39,15,24,0.3846,888,1,0.0011
D3,Albertus Magnus,44,24,20,0.5455,1206,3,0.0025
D3,Albion,36,12,24,0.3333,752,1,0.0013
D3,Albright,31,6,25,0.1935,652,2,0.0031
D3,Alfred,41,26,14,0.6341,1119,19,0.017
D3,Alfred St.,35,10,25,0.2857,904,0,0
D3,Allegheny,37,25,12,0.6757,1018,17,0.0167
D3,Alma,41,21,20,0.5122,1050,24,0.0229
D3,Alvernia,32,19,13,0.5938,874,8,0.0092
D3,Alverno,37,4,33,0.1081,916,19,0.0207
D3,Amherst,37,24,13,0.6486,1047,24,0.0229
D3,Anderson (IN),37,9,28,0.2432,932,7,0.0075
D3,Anna Maria,37,8,29,0.2162,945,3,0.0032
D3,Arcadia,41,20,21,0.4878,1100,25,0.0227
D3,Asbury,38,14,24,0.3684,692,7,0.0101
D3,Augsburg,40,20,20,0.5,1023,8,0.0078
D3,Augustana (IL),42,23,19,0.5476,1005,12,0.0119
D3,Aurora,43,26,17,0.6047,1203,11,0.0091
D3,Austin,39,7,32,0.1795,953,9,0.0094
D3,Averett,40,9,31,0.225,989,4,0.004
D3,Babson,46,24,22,0.5217,1232,14,0.0114
D3,Baldwin Wallace,44,28,16,0.6364,1164,8,0.0069
D3,Baruch,32,17,15,0.5312,847,5,0.0059
D3,Bates,34,16,17,0.4706,935,8,0.0086
D3,Belhaven,48,33,15,0.6875,1272,40,0.0314
D3,Beloit,39,12,27,0.3077,948,8,0.0084
D3,Benedictine (IL),43,25,18,0.5814,1152,19,0.0165
D3,Berea,25,3,22,0.12,461,6,0.013
D3,Berry,49,43,6,0.8776,1396,42,0.0301
D3,Bethany (WV),30,8,21,0.2667,782,2,0.0026
D3,Bethany Lutheran,44,31,13,0.7045,1169,18,0.0154
D3,Bethel (MN),41,36,5,0.878,1092,10,0.0092
D3,Birmingham-So.,40,31,9,0.775,1026,12,0.0117
D3,Blackburn,37,12,25,0.3243,978,7,0.0072
D3,Bluffton,38,14,24,0.3684,990,8,0.0081
D3,Bowdoin,39,19,20,0.4872,1090,20,0.0183
D3,Brandeis,38,25,13,0.6579,972,20,0.0206
D3,Brevard,30,8,22,0.2667,587,3,0.0051
D3,Bridgewater (VA),43,20,23,0.4651,1154,28,0.0243
D3,Bridgewater St.,43,15,27,0.3488,1093,2,0.0018
D3,Brooklyn,30,13,17,0.4333,654,5,0.0076
D3,Buena Vista,35,9,26,0.2571,763,4,0.0052
D3,Buffalo St.,40,25,15,0.625,1119,11,0.0098
D3,CMSV,36,21,15,0.5833,954,7,0.0073
D3,CWRU,44,39,5,0.8864,1145,20,0.0175
D3,Cabrini,44,28,16,0.6364,1144,19,0.0166
D3,Cairn,31,12,19,0.3871,801,1,0.0012
D3,Cal Lutheran,34,14,20,0.4118,851,7,0.0082
D3,Calvin,41,30,11,0.7317,1166,20,0.0172
D3,Capital,32,15,17,0.4688,813,23,0.0283
D3,Carleton,38,16,22,0.4211,1026,10,0.0097
D3,Carnegie Mellon,38,15,23,0.3947,1053,6,0.0057
D3,Carroll (WI),39,15,24,0.3846,1028,2,0.0019
D3,Carthage,35,12,22,0.3429,982,7,0.0071
D3,Castleton,36,20,16,0.5556,909,10,0.011
D3,Catholic,40,23,17,0.575,1097,14,0.0128
D3,Cazenovia,42,24,18,0.5714,1096,27,0.0246
D3,Cedar Crest,34,17,17,0.5,893,1,0.0011
D3,Centenary (LA),42,20,22,0.4762,1075,12,0.0112
D3,Centenary (NJ),38,15,23,0.3947,964,1,0.001
D3,Central (IA),44,33,11,0.75,1162,5,0.0043
D3,Centre,38,17,21,0.4474,945,13,0.0138
D3,Chapman,40,26,14,0.65,1124,4,0.0036
D3,Chatham,36,11,25,0.3056,923,10,0.0108
D3,Chris. Newport,44,31,13,0.7045,1096,44,0.0401
D3,Claremont-M-S,41,20,21,0.4878,907,4,0.0044
D3,Clark (MA),37,6,31,0.1622,947,1,0.0011
D3,Clarks Summit,33,11,22,0.3333,790,5,0.0063
D3,Clarkson,37,20,17,0.5405,1017,7,0.0069
D3,Coast Guard,42,31,11,0.7381,1144,17,0.0149
D3,Cobleskill St.,37,14,23,0.3784,882,8,0.0091
D3,Coe,50,39,11,0.78,1372,38,0.0277
D3,Colby,38,24,14,0.6316,1056,17,0.0161
D3,Concordia (TX),40,20,20,0.5,1073,3,0.0028
D3,Concordia Chicago,39,18,20,0.4615,1067,25,0.0234
D3,Concordia Wisconsin,45,40,5,0.8889,1200,24,0.02
D3,Cornell College,36,14,22,0.3889,981,4,0.0041
D3,Cortland,37,24,13,0.6486,1082,11,0.0102
D3,Covenant,37,17,20,0.4595,932,9,0.0097
D3,Crown (MN),41,12,29,0.2927,1030,7,0.0068
D3,Curry,40,17,22,0.425,1040,4,0.0038
D3,Dallas,35,5,30,0.1429,670,1,0.0015
D3,DePauw,45,24,21,0.5333,1218,18,0.0148
D3,DeSales,38,23,15,0.6053,1006,13,0.0129
D3,Dean,36,4,31,0.1111,805,9,0.0112
D3,Defiance,40,16,24,0.4,1064,15,0.0141
D3,Delaware Valley,38,10,27,0.2632,876,5,0.0057
D3,Denison,35,18,17,0.5143,977,23,0.0235
D3,Dickinson,38,23,15,0.6053,1006,9,0.0089
D3,Dominican (IL),42,31,11,0.7381,1166,10,0.0086
D3,Drew,40,25,15,0.625,1052,13,0.0124
D3,Dubuque,40,12,28,0.3,1105,17,0.0154
D3,East Tex. Baptist,46,39,7,0.8478,1177,30,0.0255
D3,East. Mennonite,34,11,22,0.3235,897,14,0.0156
D3,Eastern,36,22,14,0.6111,945,15,0.0159
D3,Eastern Conn. St.,41,29,12,0.7073,1042,13,0.0125
D3,Eastern Nazarene,43,22,21,0.5116,1139,29,0.0255
D3,Edgewood,40,21,19,0.525,1017,17,0.0167
D3,Elizabethtown,39,8,31,0.2051,993,6,0.006
D3,Elmhurst,36,15,21,0.4167,953,3,0.0031
D3,Elmira,39,20,19,0.5128,1012,12,0.0119
D3,Elms,30,5,25,0.1667,603,0,0
D3,Emerson,36,18,18,0.5,974,5,0.0051
D3,Emmanuel (MA),42,24,18,0.5714,1098,24,0.0219
D3,Emory,38,18,20,0.4737,1070,11,0.0103
D3,Endicott,45,36,9,0.8,1222,32,0.0262
D3,Eureka,40,10,29,0.25,1011,11,0.0109
D3,FDU-Florham,31,15,16,0.4839,820,9,0.011
D3,Farmingdale St.,37,25,12,0.6757,995,4,0.004
D3,Ferrum,36,11,25,0.3056,955,7,0.0073
D3,Fitchburg St.,38,15,23,0.3947,965,3,0.0031
D3,Fontbonne,43,25,18,0.5814,1145,2,0.0017
D3,Framingham St.,46,33,13,0.7174,1229,26,0.0212
D3,Franciscan,34,0,34,0,610,7,0.0115
D3,Franklin,45,31,14,0.6889,1263,18,0.0143
D3,Fredonia,38,6,32,0.1579,948,5,0.0053
D3,Gallaudet,40,14,26,0.35,982,6,0.0061
D3,Geneva,41,24,17,0.5854,1153,7,0.0061
D3,George Fox,45,27,18,0.6,1183,69,0.0583
D3,Gettysburg,40,25,14,0.625,1033,10,0.0097
D3,Gordon,44,20,24,0.4545,1147,11,0.0096
D3,Greensboro,44,33,11,0.75,1156,9,0.0078
D3,Greenville,41,24,17,0.5854,1040,20,0.0192
D3,Grinnell,45,30,15,0.6667,1136,13,0.0114
D3,Grove City,36,21,15,0.5833,1003,6,0.006
D3,Guilford,42,23,19,0.5476,1097,9,0.0082
D3,Gust. Adolphus,42,24,18,0.5714,1100,5,0.0045
D3,Gwynedd Mercy,35,17,18,0.4857,909,4,0.0044
D3,Hamilton,39,19,20,0.4872,1095,5,0.0046
D3,Hamline,36,16,19,0.4444,975,7,0.0072
D3,Hanover,41,16,25,0.3902,1111,12,0.0108
D3,Hardin-Simmons,42,27,15,0.6429,1123,13,0.0116
D3,Haverford,38,17,20,0.4474,990,17,0.0172
D3,Heidelberg,40,18,22,0.45,1096,12,0.0109
D3,Hendrix,34,10,24,0.2941,850,10,0.0118
D3,Hilbert,31,1,30,0.0323,637,1,0.0016
D3,Hiram,43,27,16,0.6279,1200,12,0.01
D3,Hood,40,16,24,0.4,1079,16,0.0148
D3,Hope,40,22,17,0.55,1104,6,0.0054
D3,Houghton,37,7,30,0.1892,919,9,0.0098
D3,Howard Payne,39,15,24,0.3846,1018,6,0.0059
D3,Hunter,42,13,29,0.3095,967,1,0.001
D3,Huntingdon,39,29,10,0.7436,1097,9,0.0082
D3,Husson,45,30,14,0.6667,1220,9,0.0074
D3,Ill. Wesleyan,44,27,17,0.6136,1129,38,0.0337
D3,Illinois Col.,42,25,16,0.5952,1145,7,0.0061
D3,Immaculata,34,15,19,0.4412,917,7,0.0076
D3,Ithaca,41,28,12,0.6829,1089,9,0.0083
D3,JWU (Providence),42,29,13,0.6905,1173,26,0.0222
D3,John Carroll,34,17,17,0.5,909,6,0.0066
D3,John Jay,43,26,17,0.6047,1252,17,0.0136
D3,Juniata,34,20,14,0.5882,907,13,0.0143
D3,Kalamazoo,38,19,19,0.5,997,13,0.013
D3,Kean,43,27,16,0.6279,1130,13,0.0115
D3,Keene St.,34,8,26,0.2353,895,4,0.0045
D3,Kenyon,32,1,31,0.0312,757,8,0.0106
D3,Keuka,39,11,28,0.2821,997,4,0.004
D3,Keystone,31,12,19,0.3871,828,1,0.0012
D3,Knox,35,12,23,0.3429,887,1,0.0011
D3,La Roche,38,13,25,0.3421,869,4,0.0046
D3,La Verne,38,21,17,0.5526,973,7,0.0072
D3,LaGrange,33,13,20,0.3939,816,3,0.0037
D3,Lake Forest,41,26,14,0.6341,1130,21,0.0186
D3,Lakeland,36,14,22,0.3889,977,6,0.0061
D3,Lancaster Bible,36,10,26,0.2778,976,7,0.0072
D3,Lasell,45,28,16,0.6222,1265,15,0.0119
D3,Lawrence,38,5,33,0.1316,936,2,0.0021
D3,LeTourneau,45,29,16,0.6444,1141,14,0.0123
D3,Lebanon Valley,48,36,12,0.75,1348,17,0.0126
D3,Lehman,28,11,17,0.3929,598,9,0.0151
D3,Lesley,42,4,38,0.0952,953,3,0.0031
D3,Linfield,52,46,6,0.8846,1473,33,0.0224
D3,Loras,36,21,15,0.5833,937,17,0.0181
D3,Luther,43,33,10,0.7674,1179,24,0.0204
D3,Lycoming,39,25,14,0.641,1032,12,0.0116
D3,Lynchburg,43,24,19,0.5581,1130,12,0.0106
D3,MCLA,35,9,26,0.2571,830,14,0.0169
D3,MIT,45,36,9,0.8,1254,16,0.0128
D3,MSOE,43,32,11,0.7442,1252,18,0.0144
D3,MUW,28,16,12,0.5714,715,7,0.0098
D3,Macalester,38,16,22,0.4211,966,6,0.0062
D3,Manchester,43,23,20,0.5349,1213,2,0.0016
D3,Manhattanville,46,39,7,0.8478,1203,24,0.02
D3,Maranatha Baptist,18,2,16,0.1111,351,2,0.0057
D3,Marian (WI),38,17,21,0.4474,1058,25,0.0236
D3,Marietta,41,24,17,0.5854,1100,25,0.0227
D3,Martin Luther,35,12,23,0.3429,842,8,0.0095
D3,Mary Baldwin,37,19,17,0.5135,990,15,0.0152
D3,Mary Hardin-Baylor,49,35,14,0.7143,1279,17,0.0133
D3,Mary Washington,38,18,20,0.4737,941,7,0.0074
D3,Marymount (VA),42,18,24,0.4286,1154,29,0.0251
D3,Maryville (TN),44,31,13,0.7045,1111,7,0.0063
D3,Marywood,46,27,19,0.587,1162,15,0.0129
D3,Mass. Maritime,37,11,26,0.2973,985,14,0.0142
D3,McDaniel,37,12,25,0.3243,1045,9,0.0086
D3,McMurry,41,26,15,0.6341,1009,4,0.004
D3,Me.-Farmington,27,6,21,0.2222,634,5,0.0079
D3,Me.-Presque Isle,35,13,22,0.3714,850,4,0.0047
D3,Medaille,34,16,18,0.4706,787,2,0.0025
D3,Meredith,42,22,20,0.5238,1103,3,0.0027
D3,Messiah,42,29,13,0.6905,1155,18,0.0156
D3,Methodist,40,20,20,0.5,1012,12,0.0119
D3,Middlebury,35,18,17,0.5143,941,12,0.0128
D3,Millikin,42,31,11,0.7381,1089,18,0.0165
D3,Millsaps,39,16,23,0.4103,925,3,0.0032
D3,Minn.-Morris,39,14,25,0.359,1053,10,0.0095
D3,Misericordia,41,28,13,0.6829,1052,25,0.0238
D3,Mitchell,43,24,19,0.5581,1162,8,0.0069
D3,Monmouth (IL),40,13,27,0.325,1040,9,0.0087
D3,Montclair St.,36,20,16,0.5556,977,2,0.002
D3,Moravian,50,38,12,0.76,1343,22,0.0164
D3,Mount Aloysius,31,22,9,0.7097,767,11,0.0143
D3,Mount Mary,36,10,26,0.2778,822,3,0.0036
D3,Mount Union,49,38,11,0.7755,1286,18,0.014
D3,Mt. St. Joseph,44,31,13,0.7045,1187,42,0.0354
D3,Mt. St. Mary (NY),40,21,19,0.525,1140,5,0.0044
D3,Muhlenberg,37,14,23,0.3784,973,9,0.0092
D3,Muskingum,41,27,14,0.6585,1079,22,0.0204
D3,N.C. Wesleyan,46,27,19,0.587,1006,26,0.0258
D3,NVU-Johnson,27,7,20,0.2593,527,1,0.0019
D3,NVU-Lyndon,29,10,19,0.3448,626,1,0.0016
D3,NYU,38,19,19,0.5,944,4,0.0042
D3,Nazareth,31,14,17,0.4516,873,9,0.0103
D3,Neb. Wesleyan,39,21,18,0.5385,893,16,0.0179
D3,Neumann,37,12,25,0.3243,940,6,0.0064
D3,New England Col.,40,18,22,0.45,1070,10,0.0093
D3,New Jersey City,39,16,23,0.4103,899,2,0.0022
D3,Nichols,44,23,20,0.5227,1200,8,0.0067
D3,North Central (IL),34,10,24,0.2941,771,8,0.0104
D3,North Central (MN),29,2,27,0.069,557,7,0.0126
D3,North Park,41,18,22,0.439,1080,17,0.0157
D3,Northland,30,10,20,0.3333,820,7,0.0085
D3,Northwestern-St. Paul,34,22,12,0.6471,1020,9,0.0088
D3,Norwich,28,4,24,0.1429,606,3,0.005
D3,Notre Dame (MD),31,13,18,0.4194,836,4,0.0048
D3,Oberlin,34,9,25,0.2647,871,0,0
D3,Occidental,36,9,27,0.25,778,5,0.0064
D3,Ohio Northern,36,19,17,0.5278,987,19,0.0193
D3,Ohio Wesleyan,34,14,20,0.4118,900,5,0.0056
D3,Old Westbury,29,12,17,0.4138,732,7,0.0096
D3,Olivet,24,0,24,0,472,1,0.0021
D3,Oswego St.,37,9,27,0.2432,904,6,0.0066
D3,Otterbein,34,16,17,0.4706,885,13,0.0147
D3,Ozarks (AR),40,8,32,0.2,880,13,0.0148
D3,Pacific (OR),35,8,27,0.2286,819,7,0.0085
D3,Pacific Lutheran,43,27,16,0.6279,1208,52,0.043
D3,Penn College,41,31,10,0.7561,1085,12,0.0111
D3,Penn St. Harrisburg,43,25,18,0.5814,1108,8,0.0072
D3,Penn St.-Abington,36,20,16,0.5556,944,4,0.0042
D3,Penn St.-Altoona,39,25,14,0.641,1027,17,0.0166
D3,Penn St.-Behrend,42,23,19,0.5476,1083,19,0.0175
D3,Penn St.-Berks,39,28,11,0.7179,1001,20,0.02
D3,Pfeiffer,48,35,13,0.7292,1187,30,0.0253
D3,Piedmont,46,26,20,0.5652,1144,8,0.007
D3,Pitt.-Bradford,40,11,29,0.275,966,10,0.0104
D3,Pitt.-Greensburg,36,9,27,0.25,880,1,0.0011
D3,Plattsburgh St.,35,23,12,0.6571,1016,8,0.0079
D3,Plymouth St.,34,13,21,0.3824,894,4,0.0045
D3,Pomona-Pitzer,40,22,18,0.55,1103,21,0.019
D3,Puget Sound,34,10,24,0.2941,902,10,0.0111
D3,Purchase,29,6,23,0.2069,636,1,0.0016
D3,RIT,39,7,31,0.1795,943,3,0.0032
D3,Ramapo,48,33,14,0.6875,1334,21,0.0157
D3,Randolph,43,22,21,0.5116,1154,5,0.0043
D3,Randolph-Macon,55,44,11,0.8,1472,20,0.0136
D3,Redlands,44,27,17,0.6136,1185,19,0.016
D3,Regis (MA),37,11,26,0.2973,938,8,0.0085
D3,Rensselaer,42,32,10,0.7619,1059,9,0.0085
D3,Rhode Island Col.,38,19,19,0.5,1052,19,0.0181
D3,Rhodes,39,12,27,0.3077,1044,6,0.0057
D3,Ripon,38,14,24,0.3684,995,10,0.0101
D3,Rivier,41,16,25,0.3902,1125,19,0.0169
D3,Roanoke,43,29,14,0.6744,1130,12,0.0106
D3,Rochester (NY),48,38,10,0.7917,1265,20,0.0158
D3,Rockford,39,14,25,0.359,1131,9,0.008
D3,Roger Williams,39,13,26,0.3333,982,0,0
D3,Rose-Hulman,32,8,24,0.25,820,17,0.0207
D3,Rosemont,40,21,19,0.525,1065,8,0.0075
D3,Rowan,52,42,10,0.8077,1442,17,0.0118
D3,Russell Sage,41,23,18,0.561,1089,15,0.0138
D3,Rutgers-Camden,35,10,25,0.2857,864,6,0.0069
D3,Rutgers-Newark,38,9,29,0.2368,950,6,0.0063
D3,SUNY Brockport,32,5,27,0.1562,794,5,0.0063
D3,SUNY Canton,28,2,26,0.0714,580,2,0.0034
D3,SUNY Delhi,36,7,29,0.1944,832,0,0
D3,SUNY Geneseo,44,25,18,0.5682,1153,10,0.0087
D3,SUNY New Paltz,44,31,13,0.7045,1236,7,0.0057
D3,SUNY Oneonta,41,18,22,0.439,1094,19,0.0174
D3,SUNY Poly,28,21,7,0.75,745,9,0.0121
D3,SUNY Potsdam,36,8,28,0.2222,960,1,0.001
D3,Saint Benedict,34,26,8,0.7647,924,23,0.0249
D3,Saint Elizabeth,42,27,15,0.6429,1084,5,0.0046
D3,Saint Joseph (CT),40,20,20,0.5,1041,6,0.0058
D3,Saint Vincent,38,22,16,0.5789,978,12,0.0123
D3,Salem (NC),32,4,28,0.125,678,6,0.0088
D3,Salem St.,39,10,29,0.2564,1026,11,0.0107
D3,Salisbury,55,49,6,0.8909,1441,42,0.0291
D3,Salve Regina,42,18,24,0.4286,1163,2,0.0017
D3,Sarah Lawrence,23,3,20,0.1304,402,0,0
D3,Schreiner,39,16,23,0.4103,845,13,0.0154
D3,Scranton,36,15,21,0.4167,989,11,0.0111
D3,Sewanee,35,11,24,0.3143,868,7,0.0081
D3,Shenandoah,43,17,26,0.3953,1002,17,0.017
D3,Simmons,43,27,16,0.6279,1144,12,0.0105
D3,Simpson,40,23,17,0.575,1104,36,0.0326
D3,Skidmore,33,10,23,0.303,866,7,0.0081
D3,Smith,35,14,21,0.4,942,15,0.0159
D3,Southern Me.,42,21,21,0.5,1103,6,0.0054
D3,Southern Va.,40,20,20,0.5,1086,22,0.0203
D3,Southwestern (TX),43,21,22,0.4884,1111,4,0.0036
D3,Spalding,42,29,13,0.6905,1137,22,0.0193
D3,Springfield,46,37,9,0.8043,1232,7,0.0057
D3,St. Catherine,39,19,20,0.4872,1065,7,0.0066
D3,St. John Fisher,42,28,14,0.6667,1090,14,0.0128
D3,St. Lawrence,32,8,24,0.25,858,3,0.0035
D3,St. Norbert,40,14,25,0.35,1072,12,0.0112
D3,St. Olaf,42,22,20,0.5238,1190,13,0.0109
D3,St. Scholastica,35,17,18,0.4857,894,16,0.0179
D3,St. Thomas (TX),44,32,12,0.7273,996,16,0.0161
D3,Stevens,39,19,20,0.4872,1050,9,0.0086
D3,Stevenson,36,19,17,0.5278,1008,12,0.0119
D3,Stockton,38,19,19,0.5,1011,17,0.0168
D3,Suffolk,34,11,23,0.3235,837,7,0.0084
D3,Sul Ross St.,32,10,22,0.3125,832,11,0.0132
D3,Susquehanna,42,25,17,0.5952,1180,16,0.0136
D3,Swarthmore,44,26,18,0.5909,1198,9,0.0075
D3,Sweet Briar,38,13,25,0.3421,821,7,0.0085
D3,TCNJ,43,32,11,0.7442,1162,23,0.0198
D3,Texas Lutheran,48,38,10,0.7917,1199,20,0.0167
D3,Texas-Dallas,42,24,18,0.5714,1018,13,0.0128
D3,Thiel,32,9,23,0.2812,766,8,0.0104
D3,Thomas (ME),32,16,16,0.5,839,9,0.0107
D3,Transylvania,45,34,11,0.7556,1190,28,0.0235
D3,Trine,52,46,6,0.8846,1360,40,0.0294
D3,Trinity (CT),33,13,20,0.3939,887,8,0.009
D3,Trinity (TX),43,15,28,0.3488,1140,11,0.0096
D3,Tufts,46,40,6,0.8696,1323,20,0.0151
D3,U New England,39,12,27,0.3077,1028,13,0.0126
D3,UChicago,37,24,12,0.6486,986,9,0.0091
D3,UMass Boston,41,20,21,0.4878,1105,11,0.01
D3,UMass Dartmouth,44,30,14,0.6818,1155,19,0.0165
D3,UW-River Falls,37,16,21,0.4324,933,11,0.0118
D3,Union (NY),35,15,20,0.4286,957,8,0.0084
D3,Ursinus,43,29,14,0.6744,1199,15,0.0125
D3,Utica,35,19,16,0.5429,946,15,0.0159
D3,Va. Wesleyan,52,39,13,0.75,1352,28,0.0207
D3,Valley Forge,30,5,25,0.1667,713,2,0.0028
D3,WPI,40,20,20,0.5,1067,24,0.0225
D3,Wartburg,43,25,18,0.5814,1153,36,0.0312
D3,WashU,38,20,18,0.5263,1011,9,0.0089
D3,Washington Col.,40,20,19,0.5,1157,9,0.0078
D3,Waynesburg,40,30,10,0.75,1079,13,0.012
D3,Webster,41,21,20,0.5122,1204,13,0.0108
D3,Wellesley,32,9,22,0.2812,829,1,0.0012
D3,Wells,36,2,34,0.0556,718,0,0
D3,Wentworth,42,28,13,0.6667,1156,20,0.0173
D3,Wesleyan (CT),38,13,25,0.3421,985,2,0.002
D3,Wesleyan (GA),32,6,26,0.1875,655,2,0.0031
D3,WestConn,42,21,21,0.5,1022,1,0.001
D3,Western New Eng.,44,28,16,0.6364,1166,27,0.0232
D3,Westfield St.,42,24,18,0.5714,1150,18,0.0157
D3,Westminster (MO),40,10,30,0.25,882,3,0.0034
D3,Westminster (PA),43,29,14,0.6744,1173,14,0.0119
D3,Wheaton (IL),36,9,27,0.25,906,8,0.0088
D3,Wheaton (MA),42,22,20,0.5238,1109,13,0.0117
D3,Whittier,35,19,16,0.5429,912,18,0.0197
D3,Whitworth,42,23,19,0.5476,1186,16,0.0135
D3,Widener,39,16,23,0.4103,1010,11,0.0109
D3,Wilkes,36,15,21,0.4167,943,0,0
D3,Willamette,37,14,23,0.3784,877,13,0.0148
D3,William Peace,42,24,18,0.5714,1132,14,0.0124
D3,Williams,41,24,17,0.5854,1163,24,0.0206
D3,Wilmington (OH),36,13,23,0.3611,947,4,0.0042
D3,Wilson,38,14,24,0.3684,962,4,0.0042
D3,Wis. Lutheran,40,14,26,0.35,998,15,0.015
D3,Wis.-Eau Claire,36,17,19,0.4722,988,16,0.0162
D3,Wis.-La Crosse,43,28,15,0.6512,1213,31,0.0256
D3,Wis.-Oshkosh,45,36,9,0.8,1248,17,0.0136
D3,Wis.-Platteville,41,25,16,0.6098,1081,20,0.0185
D3,Wis.-Stevens Point,43,29,14,0.6744,1138,15,0.0132
D3,Wis.-Stout,37,11,26,0.2973,943,15,0.0159
D3,Wis.-Superior,44,31,13,0.7045,1255,19,0.0151
D3,Wis.-Whitewater,41,28,13,0.6829,1145,13,0.0114
D3,Wittenberg,35,10,25,0.2857,850,6,0.0071
D3,Wm. Paterson,39,23,15,0.5897,1016,8,0.0079
D3,Wooster,38,19,19,0.5,1063,12,0.0113
D3,Worcester St.,43,25,18,0.5814,1197,6,0.005
D3,Yeshiva,31,2,29,0.0645,580,0,0
D3,York (NY),24,1,23,0.0417,441,1,0.0023
D3,York (PA),44,23,21,0.5227,1190,11,0.0092
JUCO,Abraham Baldwin Agricultural College,52,33,17,0.6346,1498,45,0.03
JUCO,Alvin College,56,27,29,0.4821,1416,6,0.0042
JUCO,Andrew College,49,6,42,0.1224,1151,20,0.0174
JUCO,Angelina College,58,6,13,0.1034,1574,26,0.0165
JUCO,Arizona Western College,50,27,23,0.54,1318,27,0.0205
JUCO,Barton Community College,49,29,20,0.5918,1391,36,0.0259
JUCO,Baton Rouge Community College,48,24,24,0.5,1204,9,0.0075
JUCO,Blinn College,55,34,20,0.6182,1565,18,0.0115
JUCO,Bossier Parish Community College,55,37,16,0.6727,1433,56,0.0391
JUCO,Butler Community College - KS,57,47,10,0.8246,1603,59,0.0368
JUCO,Calhoun Community College,48,16,32,0.3333,1271,15,0.0118
JUCO,Central Arizona College,41,22,18,0.5366,1083,26,0.024
JUCO,Chattanooga State Community College,58,45,13,0.7759,1650,53,0.0321
JUCO,Chipola College,50,26,24,0.52,1357,36,0.0265
JUCO,Cisco College,54,20,21,0.3704,1355,36,0.0266
JUCO,Clarendon College,43,1,40,0.0233,886,6,0.0068
JUCO,Cleveland State Community College,51,30,15,0.5882,1492,60,0.0402
JUCO,Coastal Alabama - South,51,32,19,0.6275,1419,37,0.0261
JUCO,Coastal Bend College,40,5,23,0.125,909,16,0.0176
JUCO,Colby Community College,53,27,23,0.5094,1399,48,0.0343
JUCO,College of Central Florida,63,44,17,0.6984,1712,53,0.031
JUCO,College of Southern Idaho,63,46,16,0.7302,1717,120,0.0699
JUCO,College of Southern Nevada,50,10,35,0.2,1287,40,0.0311
JUCO,Colorado Northwestern Community College,50,2,35,0.04,1128,19,0.0168
JUCO,Columbia State Community College,41,2,31,0.0488,959,13,0.0136
JUCO,Connors State College,53,38,12,0.717,1485,46,0.031
JUCO,Crowder College,65,44,21,0.6769,1753,64,0.0365
JUCO,Daytona State College,58,24,31,0.4138,1494,25,0.0167
JUCO,Dodge City Community College,46,13,33,0.2826,1119,14,0.0125
JUCO,Dyersburg State Community College,54,11,9,0.2037,1344,58,0.0432
JUCO,East Georgia State College,43,16,22,0.3721,1138,20,0.0176
JUCO,Eastern Arizona College,45,25,6,0.5556,1151,40,0.0348
JUCO,Eastern Florida State College,65,40,25,0.6154,1666,15,0.009
JUCO,Eastern Oklahoma State College,55,36,19,0.6545,1521,81,0.0533
JUCO,El Paso Community College,49,15,34,0.3061,1322,17,0.0129
JUCO,Florence-Darlington Technical College,50,17,4,0.34,1116,22,0.0197
JUCO,Florida Southwestern State College,67,57,10,0.8507,1702,26,0.0153
JUCO,Frank Phillips College,48,18,26,0.375,1268,39,0.0308
JUCO,Frontier Community College,53,26,25,0.4906,1483,40,0.027
JUCO,Galveston College,61,46,14,0.7541,1621,129,0.0796
JUCO,Garden City Community College,48,8,35,0.1667,1235,34,0.0275
JUCO,Gaston College,58,49,9,0.8448,1572,49,0.0312
JUCO,Georgia Highlands College,47,14,33,0.2979,1215,12,0.0099
JUCO,Georgia Military College,46,27,18,0.587,1275,36,0.0282
JUCO,Gordon State College,45,26,19,0.5778,1216,28,0.023
JUCO,Grayson College,55,38,17,0.6909,1450,89,0.0614
JUCO,Gulf Coast State College,55,40,15,0.7273,1479,33,0.0223
JUCO,Harford Community College,34,21,9,0.6176,990,25,0.0253
JUCO,Hill College,54,8,32,0.1481,1300,33,0.0254
JUCO,Hillsborough Community College,54,7,12,0.1296,1224,8,0.0065
JUCO,Howard College,56,26,29,0.4643,1458,62,0.0425
JUCO,Hutchinson Community College,59,47,12,0.7966,1703,58,0.0341
JUCO,Indian Hills Community College,59,34,24,0.5763,1680,64,0.0381
JUCO,Indian River State College,67,56,10,0.8358,1733,26,0.015
JUCO,Iowa Western Community College,60,40,19,0.6667,1620,84,0.0519
JUCO,Jackson State Community College,53,8,4,0.1509,1420,24,0.0169
JUCO,Jefferson College,52,35,13,0.6731,1401,92,0.0657
JUCO,John A. Logan College,60,49,11,0.8167,1689,39,0.0231
JUCO,Kaskaskia College,54,26,28,0.4815,1397,27,0.0193
JUCO,Kilgore College,46,0,17,0,1015,9,0.0089
JUCO,Lake Land College,62,51,11,0.8226,1603,51,0.0318
JUCO,Lamar Community College,38,15,23,0.3947,1035,28,0.0271
JUCO,Lamar State College - Port Arthur,56,10,15,0.1786,1424,17,0.0119
JUCO,Lincoln Trail College,57,1,4,0.0175,1432,35,0.0244
JUCO,Luna Community College,49,14,19,0.2857,1356,80,0.059
JUCO,Marshalltown Community College,26,6,16,0.2308,602,33,0.0548
JUCO,McCook Community College,55,34,20,0.6182,1616,51,0.0316
JUCO,McLennan Community College,65,61,4,0.9385,1719,86,0.05
JUCO,Metropolitan Community College,48,8,31,0.1667,1194,18,0.0151
JUCO,Miami Dade College,51,15,26,0.2941,1260,16,0.0127
JUCO,Midland College,58,45,13,0.7759,1587,84,0.0529
JUCO,Missouri State University - West Plains,54,26,12,0.4815,1376,36,0.0262
JUCO,Monroe University-Bronx,53,25,28,0.4717,1363,25,0.0183
JUCO,Motlow State Community College,51,18,25,0.3529,1256,11,0.0088
JUCO,Navarro College,51,21,26,0.4118,1562,43,0.0275
JUCO,North Central Missouri College,55,32,22,0.5818,1590,36,0.0226
JUCO,North Central Texas College,62,44,18,0.7097,1582,52,0.0329
JUCO,Northeast Texas Community College,46,3,4,0.0652,1138,46,0.0404
JUCO,Northeastern Junior College,47,20,23,0.4255,1285,62,0.0482
JUCO,Northeastern Oklahoma AM College,54,25,20,0.463,1502,46,0.0306
JUCO,Northern Oklahoma College-Enid,53,16,32,0.3019,1407,39,0.0277
JUCO,Northern Oklahoma College-Tonkawa,48,8,17,0.1667,1308,29,0.0222
JUCO,Northwest Florida State College,64,58,6,0.9062,1677,85,0.0507
JUCO,Northwest Kansas Technical College,48,1,29,0.0208,947,14,0.0148
JUCO,Northwest-Shoals Community College,59,16,36,0.2712,1577,8,0.0051
JUCO,Odessa College,57,43,14,0.7544,1589,106,0.0667
JUCO,Olney Central College,46,11,32,0.2391,1173,28,0.0239
JUCO,Otero College,52,17,26,0.3269,1467,79,0.053900000000000003
JUCO,Paris Junior College,56,44,12,0.7857,1532,85,0.0555
JUCO,Pensacola State College,44,23,21,0.5227,1179,39,0.0331
JUCO,Pima Community College,57,43,11,0.7544,1610,73,0.0453
JUCO,Polk State College,52,11,37,0.2115,1221,2,0.0016
JUCO,Pratt Community College,54,8,14,0.1481,1297,37,0.0285
JUCO,Ranger College,58,10,41,0.1724,1393,12,0.0086
JUCO,Rend Lake College,42,7,23,0.1667,1054,27,0.0256
JUCO,Roane State Community College,49,13,12,0.2653,1332,37,0.0278
JUCO,Rose State College,54,28,17,0.5185,1460,53,0.0363
JUCO,Salt Lake Community College,56,44,8,0.7857,1604,89,0.0555
JUCO,San Jacinto College-South,67,30,25,0.4478,1607,50,0.0311
JUCO,Santa Fe College,61,37,21,0.6066,1606,54,0.0336
JUCO,Seminole State College (OK),51,41,9,0.8039,1367,73,0.0534
JUCO,Seminole State College of Florida,59,32,27,0.5424,1598,42,0.0263
JUCO,Seward County Community College,49,26,22,0.5306,1336,54,0.0404
JUCO,Shawnee Community College,52,11,33,0.2115,1236,12,0.0097
JUCO,Shelton State Community College,48,13,13,0.2708,1224,17,0.0139
JUCO,Snead State Community College,56,28,27,0.5,1551,39,0.0251
JUCO,Snow College,60,33,27,0.55,1651,100,0.0606
JUCO,South Georgia State College,44,13,31,0.2955,1111,11,0.0099
JUCO,Southeastern Community College-Whiteville,45,20,6,0.4444,1172,47,0.0401
JUCO,Southeastern Illinois College,59,31,28,0.5254,1600,17,0.0106
JUCO,Southern Union State Community College,46,11,21,0.2391,1215,38,0.0313
JUCO,Southwest Tennessee Community College,59,21,37,0.3559,1615,34,0.0211
JUCO,Southwestern Community College (IA),44,14,30,0.3182,1161,29,0.025
JUCO,Southwestern Illinois College,50,17,29,0.34,1272,18,0.0142
JUCO,Spartanburg Methodist,35,10,8,0.2857,909,4,0.0044
JUCO,St. Charles Community College,54,24,27,0.4444,1408,36,0.0256
JUCO,St. Petersburg College,58,19,34,0.3276,1525,14,0.0092
JUCO,"State College of Florida, Manatee-Sarasota",52,15,9,0.2885,1318,19,0.0144
JUCO,State Fair Community College,54,23,18,0.4259,1467,74,0.0504
JUCO,Tallahassee Community College,42,10,21,0.2381,1077,15,0.0139
JUCO,Temple College,66,53,12,0.803,1805,88,0.0488
JUCO,Three Rivers Community College - MO,55,32,21,0.5818,1509,54,0.0358
JUCO,Trinidad State College,56,40,16,0.7143,1529,116,0.0759
JUCO,Trinity Valley Community College,61,45,15,0.7377,1670,57,0.0341
JUCO,Tyler Junior College,61,36,24,0.5902,1665,98,0.0589
JUCO,USC Sumter,37,4,16,0.1081,994,1,0.001
JUCO,USC Union,45,18,24,0.4,1178,23,0.0195
JUCO,Utah State Eastern,51,26,25,0.5098,1313,52,0.0396
JUCO,Vernon College,49,17,27,0.3469,1256,30,0.0239
JUCO,Volunteer State Community College,64,43,21,0.6719,1783,61,0.0342
JUCO,Wabash Valley College,58,29,25,0.5,1506,34,0.0226
JUCO,Wallace State Community College - Hanceville,50,36,14,0.72,1414,71,0.0502
JUCO,Walters State Community College,57,46,11,0.807,1621,68,0.0419
JUCO,Weatherford College,52,31,21,0.5962,1447,36,0.0249
JUCO,Western Nebraska Community College,38,14,21,0.3684,1027,25,0.0243
JUCO,Western Texas College,58,23,35,0.3966,1473,30,0.0204
JUCO,Yavapai College,37,13,24,0.3514,1035,31,0.03
JUCO,Allegany College of Maryland,28,10,18,0.3571,660,8,0.0121
JUCO,Allen Community College,49,19,20,0.3878,1245,22,0.0177
JUCO,Alpena Community College,29,3,21,0.1034,720,5,0.0069
JUCO,Anne Arundel Community College,35,9,26,0.2571,842,9,0.0107
JUCO,Arkansas State University Mountain Home,40,0,40,0,839,7,0.0083
JUCO,Arkansas State-Newport,23,3,16,0.1304,571,9,0.0158
JUCO,Bay College,27,7,20,0.2593,705,9,0.0128
JUCO,Bevill State Community College,55,30,16,0.5455,1440,36,0.025
JUCO,Bishop State Community College,54,32,20,0.5926,1443,24,0.0166
JUCO,Bismarck State College,48,19,25,0.3958,1292,41,0.0317
JUCO,Black Hawk College,55,29,26,0.5273,1512,61,0.0403
JUCO,Brunswick Community College,39,7,12,0.1795,912,8,0.0088
JUCO,Bryant & Stratton College (VA),52,31,11,0.5962,1462,55,0.0376
JUCO,Bryant and Stratton College (WI),47,39,8,0.8298,1195,38,0.0318
JUCO,Carl Albert State College,51,14,30,0.2745,1318,28,0.0212
JUCO,Carl Sandburg College,41,5,29,0.122,980,22,0.0224
JUCO,Catawba Valley Community College,34,22,11,0.6471,900,42,0.0467
JUCO,CCBC Catonsville,40,19,16,0.475,1109,32,0.0289
JUCO,Cecil College,22,1,20,0.0455,453,3,0.0066
JUCO,Central Alabama Community College,60,40,19,0.6667,1540,75,0.0487
JUCO,Central Community College-Columbus,37,22,15,0.5946,1042,33,0.0317
JUCO,Chandler-Gilbert Community College,47,26,21,0.5532,1266,36,0.0284
JUCO,Chattahoochee Valley Community College,39,5,29,0.1282,977,38,0.0389
JUCO,Chesapeake College,34,13,14,0.3824,1033,53,0.0513
JUCO,Cleveland Community College,39,11,7,0.2821,1001,14,0.014
JUCO,Cloud County Community College,44,16,28,0.3636,1142,16,0.014
JUCO,Coahoma Community College,38,0,8,0,711,5,0.007
JUCO,Coastal Alabama - North,58,8,37,0.1379,1473,9,0.0061
JUCO,Coffeyville Community College,36,5,21,0.1389,718,18,0.0251
JUCO,College of Lake County,53,34,17,0.6415,1481,56,0.0378
JUCO,College of Southern Maryland,33,25,7,0.7576,894,52,0.0582
JUCO,Copiah-Lincoln Community College,54,47,7,0.8704,1444,65,0.045
JUCO,County College of Morris,26,10,9,0.3846,627,10,0.0159
JUCO,Cowley College,58,41,16,0.7069,1527,66,0.0432
JUCO,Cuyahoga Community College,39,25,8,0.641,1158,13,0.0112
JUCO,Dakota County Technical College,33,10,18,0.303,893,6,0.0067
JUCO,Danville Area Community College,49,33,14,0.6735,1343,29,0.0216
JUCO,Dawson Community College,53,29,12,0.5472,1527,49,0.0321
JUCO,Delaware Technical Community College,39,28,10,0.7179,1115,38,0.0341
JUCO,Des Moines Area Community College,58,47,11,0.8103,1598,50,0.0313
JUCO,East Central College,40,14,26,0.35,1052,20,0.019
JUCO,East Central Community College,53,35,17,0.6604,1405,45,0.032
JUCO,East Mississippi Community College,42,16,26,0.381,1107,23,0.0208
JUCO,Edison State,41,24,17,0.5854,1157,22,0.019
JUCO,Ellsworth Community College,54,22,32,0.4074,1377,28,0.0203
JUCO,Enterprise State Community College,52,19,25,0.3654,1334,35,0.0262
JUCO,Fayetteville Technical Community College,44,11,9,0.25,1203,12,0.01
JUCO,Florida Gateway College,48,21,27,0.4375,1248,25,0.02
JUCO,Florida State College at Jacksonville,51,19,32,0.3725,1281,34,0.0265
JUCO,Fort Scott Community College,59,40,19,0.678,1591,67,0.0421
JUCO,Frederick Community College,34,12,18,0.3529,948,25,0.0264
JUCO,Gateway Community College-AZ,44,12,28,0.2727,1141,24,0.021
JUCO,Glen Oaks Community College,38,21,17,0.5526,994,26,0.0262
JUCO,Glendale Community College,46,12,30,0.2609,1218,26,0.0213
JUCO,Grand Rapids Community College,43,19,22,0.4419,1177,18,0.0153
JUCO,Hawkeye Community College,46,7,39,0.1522,1057,43,0.0407
JUCO,Heartland Community College,56,26,29,0.4643,1521,44,0.0289
JUCO,Henry Ford College,35,7,27,0.2,963,8,0.0083
JUCO,Hesston College,38,8,30,0.2105,859,5,0.0058
JUCO,Highland Community College - Illinois,34,3,14,0.0882,926,6,0.0065
JUCO,Highland Community College - Kansas,52,26,26,0.5,1522,40,0.0263
JUCO,Hinds Community College,48,32,16,0.6667,1260,28,0.0222
JUCO,Hocking,40,27,13,0.675,1109,5,0.0045
JUCO,Holmes Community College,48,23,25,0.4792,1298,21,0.0162
JUCO,Howard Community College,34,9,22,0.2647,845,22,0.026
JUCO,Illinois Central College,44,16,17,0.3636,1243,35,0.0282
JUCO,Illinois Valley Community College,33,24,8,0.7273,907,15,0.0165
JUCO,Independence Community College,39,16,23,0.4103,1012,12,0.0119
JUCO,Iowa Central Community College,58,37,21,0.6379,1614,78,0.0483
JUCO,Iowa Lakes Community College,51,16,20,0.3137,1278,56,0.0438
JUCO,Itawamba Community College,54,24,27,0.4444,1466,25,0.0171
JUCO,Jackson College,41,9,9,0.2195,1094,25,0.0229
JUCO,John Wood Community College,35,0,3,0,660,3,0.0045
JUCO,Johnson County,58,46,12,0.7931,1574,73,0.0464
JUCO,Jones College,54,39,15,0.7222,1494,97,0.0649
JUCO,Kalamazoo Valley Community College,40,6,14,0.15,1031,18,0.0175
JUCO,Kankakee Community College,51,42,8,0.8235,1530,57,0.0373
JUCO,Kansas City Kansas Community College,56,36,20,0.6429,1489,52,0.0349
JUCO,Kirkwood Community College,69,55,14,0.7971,1956,99,0.0506
JUCO,Kishwaukee College,53,28,22,0.5283,1439,29,0.0202
JUCO,Labette Community College,48,16,18,0.3333,1226,22,0.0179
JUCO,Lackawanna College,54,35,18,0.6481,1468,20,0.0136
JUCO,Lake Michigan College,47,25,14,0.5319,1262,20,0.0158
JUCO,Lake Region State College - ND,47,12,32,0.2553,1199,15,0.0125
JUCO,Lake-Sumter State College,59,30,28,0.5085,1579,39,0.0247
JUCO,Lakeland Community College,30,7,10,0.2333,881,20,0.0227
JUCO,Lansing Community College,58,41,17,0.7069,1644,67,0.0408
JUCO,Lewis & Clark Community College,39,4,18,0.1026,933,16,0.0171
JUCO,Lincoln Land Community College,50,16,34,0.32,1301,35,0.0269
JUCO,Louisburg College,62,52,8,0.8387,1547,142,0.0918
JUCO,Louisiana State University Eunice,56,37,10,0.6607,1420,22,0.0155
JUCO,Lurleen B. Wallace Community College,53,10,4,0.1887,1419,36,0.0254
JUCO,Macomb Community College,46,31,15,0.6739,1275,44,0.0345
JUCO,Madison College,42,29,13,0.6905,1177,9,0.0076
JUCO,Marian University Ancilla,36,1,34,0.0278,742,3,0.004
JUCO,Marion Military Institute,60,38,16,0.6333,1700,67,0.0394
JUCO,McHenry County College,21,0,4,0,453,7,0.0155
JUCO,Mercer County Community College,51,42,9,0.8235,1378,45,0.0327
JUCO,Meridian Community College,56,23,33,0.4107,1378,40,0.029
JUCO,Mesa Community College,35,4,30,0.1143,828,9,0.0109
JUCO,Mid Michigan College,44,23,19,0.5227,1237,26,0.021
JUCO,Miles Community College,39,24,15,0.6154,1065,41,0.0385
JUCO,Milwaukee Area Technical College,43,17,21,0.3953,1171,36,0.0307
JUCO,Mineral Area College,44,10,20,0.2273,1219,29,0.0238
JUCO,Mississippi Delta Community College,44,4,13,0.0909,1016,8,0.0079
JUCO,Mississippi Gulf Coast Community College,56,34,21,0.6071,1431,28,0.0196
JUCO,Moberly Area Community College,58,16,37,0.2759,1483,27,0.0182
JUCO,Moraine Valley Community College,39,4,7,0.1026,998,8,0.008
JUCO,Morton College,21,0,0,0,462,11,0.0238
JUCO,Mott Community College,48,32,9,0.6667,1391,43,0.0309
JUCO,Murray State College,67,56,6,0.8358,1809,125,0.0691
JUCO,Muskegon Community College,40,28,11,0.7,1153,43,0.0373
JUCO,National Park College,49,24,16,0.4898,1275,25,0.0196
JUCO,Neosho County,55,38,16,0.6909,1490,121,0.0812
JUCO,North Arkansas College,51,9,40,0.1765,1324,13,0.0098
JUCO,North Iowa Area Community College,56,33,23,0.5893,1526,96,0.0629
JUCO,Northeast Community College,46,5,33,0.1087,1110,26,0.0234
JUCO,Northeast Mississippi Community College,60,38,22,0.6333,1547,39,0.0252
JUCO,Northwest Mississippi Community College,47,25,20,0.5319,1157,29,0.0251
JUCO,Oakland Community College,39,4,24,0.1026,989,6,0.0061
JUCO,Orange County Community College,42,21,11,0.5,1105,19,0.0172
JUCO,Paradise Valley Community College,38,5,20,0.1316,934,17,0.0182
JUCO,Parkland College,64,58,6,0.9062,1769,75,0.0424
JUCO,Pasco-Hernando State College,49,20,26,0.4082,1357,5,0.0037
JUCO,Pearl River Community College,54,42,11,0.7778,1449,62,0.0428
JUCO,Phoenix College,53,42,11,0.7925,1414,93,0.0658
JUCO,Pitt Community College,34,9,9,0.2647,884,30,0.0339
JUCO,Prairie State College,46,13,24,0.2826,1193,19,0.0159
JUCO,Raritan Valley Community College,24,3,14,0.125,446,4,0.009
JUCO,Richard Bland College,34,5,7,0.1471,780,14,0.0179
JUCO,Rock Valley College,49,33,15,0.6735,1376,55,0.04
JUCO,Salem Community College,44,29,12,0.6591,1108,34,0.0307
JUCO,Sauk Valley Community College,45,8,13,0.1778,1245,61,0.049
JUCO,Schoolcraft College,42,25,16,0.5952,1215,16,0.0132
JUCO,Scottsdale Community College,47,18,26,0.383,1207,38,0.0315
JUCO,South Florida State College,50,18,24,0.36,1263,14,0.0111
JUCO,South Mountain Community College,46,28,18,0.6087,1338,46,0.0344
JUCO,South Suburban College,51,24,25,0.4706,1370,52,0.038
JUCO,Southeast Arkansas College,17,4,11,0.2353,442,6,0.0136
JUCO,Southeast Community College,40,18,16,0.45,981,19,0.0194
JUCO,Southeastern Community College-Whiteville,33,7,11,0.2121,887,23,0.0259
JUCO,Southern Arkansas University Tech,45,13,4,0.2889,1203,30,0.0249
JUCO,Southwest Mississippi Community College,44,17,26,0.3864,1145,16,0.014
JUCO,Southwest Virginia,21,0,7,0,402,1,0.0025
JUCO,Spoon River College,62,40,19,0.6452,1722,66,0.0383
JUCO,St. Clair County Community College,46,16,30,0.3478,1273,37,0.0291
JUCO,St. Johns River State College,70,55,15,0.7857,1915,79,0.0413
JUCO,St. Louis Community College,58,42,13,0.7241,1544,62,0.0402
JUCO,Sussex County Community College,28,4,15,0.1429,761,10,0.0131
JUCO,Triton College,42,26,10,0.619,1116,18,0.0161
JUCO,UA Rich Mountain,54,34,19,0.6296,1403,20,0.0143
JUCO,Wake Technical Community College,37,13,21,0.3514,994,20,0.0201
JUCO,Wallace Community College-Dothan,46,24,21,0.5217,1333,45,0.0338
JUCO,Waubonsee Community College,42,20,19,0.4762,1176,41,0.0349
JUCO,Western Oklahoma State College,47,23,21,0.4894,1222,29,0.0237
JUCO,Westmoreland County Community College,21,1,15,0.0476,399,0,0
JUCO,Williston State College,39,6,7,0.1538,912,19,0.0208
JUCO,WVU Potomac State College,50,37,12,0.74,1304,77,0.059
JUCO,Bergen Community College,24,3,15,0.125,548,8,0.0146
JUCO,Brookdale Community College,35,18,17,0.5143,890,7,0.0079
JUCO,Caldwell Community College & Technical Institute,51,30,21,0.5882,1342,45,0.0335
JUCO,Camden County College,27,9,12,0.3333,660,8,0.0121
JUCO,Camp Community College,23,4,15,0.1739,522,18,0.0345
JUCO,Central Lakes College-Brainerd,40,26,14,0.65,1135,26,0.0229
JUCO,College of DuPage,31,9,19,0.2903,884,15,0.017
JUCO,Community College of Rhode Island,37,32,5,0.8649,1087,34,0.0313
JUCO,Corning Community College,44,29,13,0.6591,1216,31,0.0255
JUCO,Delta College,35,8,8,0.2286,836,12,0.0144
JUCO,Dutchess Community College,19,1,15,0.0526,402,1,0.0025
JUCO,Erie Community College,28,8,16,0.2857,711,8,0.0113
JUCO,Harper College,27,5,21,0.1852,722,14,0.0194
JUCO,Herkimer College,30,16,6,0.5333,841,15,0.0178
JUCO,Hudson Valley Community College,30,19,10,0.6333,827,13,0.0157
JUCO,Jefferson Community College,28,19,9,0.6786,765,12,0.0157
JUCO,Joliet Junior College,32,5,21,0.1562,821,16,0.0195
JUCO,Lehigh Carbon Community College,22,6,3,0.2727,535,4,0.0075
JUCO,Middlesex College,30,23,6,0.7667,747,8,0.0107
JUCO,Minnesota North College-Mesabi Range,20,10,10,0.5,541,13,0.024
JUCO,Minnesota North College-Rainy River,32,14,10,0.4375,886,17,0.0192
JUCO,Minnesota North College-Vermilion,25,1,20,0.04,540,5,0.0093
JUCO,Mohawk Valley Community College,29,12,7,0.4138,659,10,0.0152
JUCO,Monroe College - Bronx,40,12,28,0.3,912,12,0.0132
JUCO,Monroe Community College,25,13,5,0.52,650,2,0.0031
JUCO,North Dakota State College of Science,66,55,11,0.8333,1862,69,0.0371
JUCO,Northampton Community College,34,18,11,0.5294,935,23,0.0246
JUCO,Northland Community & Technical College,25,8,16,0.32,567,4,0.0071
JUCO,Ocean County College,22,0,7,0,484,0,0
JUCO,Onondaga Community College,32,11,12,0.3438,889,17,0.0191
JUCO,Owens Community College,30,5,17,0.1667,659,6,0.0091
JUCO,Patrick & Henry Community College,59,33,18,0.5593,1603,43,0.0268
JUCO,RCSJ - Cumberland,32,8,19,0.25,814,5,0.0061
JUCO,Ridgewater College,23,9,9,0.3913,634,15,0.0237
JUCO,Rochester Community and Technical College,40,19,21,0.475,1091,14,0.0128
JUCO,Rowan College of South Jersey-Gloucester,36,25,8,0.6944,966,23,0.0238
JUCO,St. Cloud Technical and Community College,39,20,17,0.5128,965,26,0.0269
JUCO,Suffolk CC,19,10,7,0.5263,523,9,0.0172
JUCO,SUNY Adirondack,24,2,3,0.0833,544,6,0.011
JUCO,SUNY Broome Community College,22,3,18,0.1364,504,3,0.006
JUCO,Surry Community College,39,17,16,0.4359,1006,8,0.008
JUCO,Terra State,24,1,4,0.0417,586,6,0.0102
JUCO,Tompkins Cortland Community College,22,6,16,0.2727,557,10,0.018
